0,AML-73-001
1,AML-57-001
2,AML-66-003
3,AML-64-001
4,AML-116-001
5,AML-102-001
6,AML-09-002
7,AML-63-005
8,AML-49-001
9,AML-117-001
10,AML-22-001
11,AML-119-001
12,AML-121-001
13,AML-113-001
14,AML-109-001
15,AML-72-001
16,AML-104-001
17,AML-40-001
18,AML-05-001
19,AML-52-001
20,AML-07-002
21,AML-48-001
22,AML-87-001
23,AML-78-001
24,AML-18-002
25,AML-17-001
26,AML-85-001
27,AML-71-001
28,AML-96-001
29,AML-97-006
30,AML-15-001
31,AML-58-001
32,AML-76-001
33,AML-04-003
34,AML-89-001
35,AML-60-001
36,AML-83-002
37,AML-115-001
38,AML-114-001
39,AML-99-005
40,AML-79-001
41,AML-44-001
42,AML-06-001
43,AML-26-001
44,AML-47-001
45,AML-45-001
46,AML-80-001
47,AML-51-001
48,AML-107-002
49,AML-38-003
50,AML-24-001
51,AML-67-001
52,AML-56-001
53,AML-20-001
54,AML-25-001
55,AML-39-002
56,AML-120-001
57,AML-86-001
58,AML-42-001
59,AML-88-002
60,AML-92-001
61,AML-65-001
62,AML-02-001
63,AML-13-001
64,AML-37-001
65,AML-01-002
66,AML-118-001
67,AML-27-001
68,AML-74-001
69,AML-46-001
70,AML-41-001
71,AML-84-001
72,AML-75-001
73,AML-61-001
74,AML-12-001
75,AML-08-001
76,AML-54-001
77,AML-69-001
78,AML-95-001
79,AML-31-001
80,AML-11-001
81,AML-123-001
82,AML-03-001
83,AML-21-002
84,AML-91-001
85,AML-105-001
86,AML-32-001
87,AML-106-001
88,AML-34-001
89,AML-14-001
90,AML-16-001
91,AML-70-001
92,AML-53-001
93,AML-101-001
94,AML-28-001
95,AML-10-001
96,AML-90-001
97,AML-68-001
98,AML-23-001
99,AML-103-001
100,AML-29-001
101,AML-100-001
102,AML-36-001
103,AML-30-001
104,AML-50-001
105,AML-81-001
106,AML-33-001
107,AML-43-001
108,AML-98-001
109,AML-122-001
110,AML-108-001
111,AML-77-001
112,AML-93-001
113,AML-59-001
114,AML-55-001
115,AML-111-001
116,AML-112-001
117,AML-94-001
118,AML-35-001
119,AML-19-001
120,AML-110-001
121,AML-62-001
122,AML-82-001
123,AML-73-001#2
124,AML-57-001#2
125,AML-66-003#2
126,AML-64-001#2
127,AML-116-001#2
128,AML-102-001#2
129,AML-09-002#2
130,AML-63-005#2
131,AML-49-001#2
132,AML-117-001#2
133,AML-22-001#2
134,AML-119-001#2
135,AML-121-001#2
136,AML-113-001#2
137,AML-109-001#2
138,AML-72-001#2
139,AML-104-001#2
140,AML-40-001#2
141,AML-05-001#2
142,AML-52-001#2
143,AML-07-002#2
144,AML-48-001#2
145,AML-87-001#2
146,AML-78-001#2
147,AML-18-002#2
148,AML-17-001#2
149,AML-85-001#2
150,AML-71-001#2
151,AML-96-001#2
152,AML-97-006#2
153,AML-15-001#2
154,AML-58-001#2
155,AML-76-001#2
156,AML-04-003#2
157,AML-89-001#2
158,AML-60-001#2
159,AML-83-002#2
160,AML-115-001#2
161,AML-114-001#2
162,AML-99-005#2
163,AML-79-001#2
164,AML-44-001#2
165,AML-06-001#2
166,AML-26-001#2
167,AML-47-001#2
168,AML-45-001#2
169,AML-80-001#2
170,AML-51-001#2
171,AML-107-002#2
172,AML-38-003#2
173,AML-24-001#2
174,AML-67-001#2
175,AML-56-001#2
176,AML-20-001#2
177,AML-25-001#2
178,AML-39-002#2
179,AML-120-001#2
180,AML-86-001#2
181,AML-42-001#2
182,AML-88-002#2
183,AML-92-001#2
184,AML-65-001#2
185,AML-02-001#2
186,AML-13-001#2
187,AML-37-001#2
188,AML-01-002#2
189,AML-118-001#2
190,AML-27-001#2
191,AML-74-001#2
192,AML-46-001#2
193,AML-41-001#2
194,AML-84-001#2
195,AML-75-001#2
196,AML-61-001#2
197,AML-12-001#2
198,AML-08-001#2
199,AML-54-001#2
200,AML-69-001#2
201,AML-95-001#2
202,AML-31-001#2
203,AML-11-001#2
204,AML-123-001#2
205,AML-03-001#2
206,AML-21-002#2
207,AML-91-001#2
208,AML-105-001#2
209,AML-32-001#2
210,AML-106-001#2
211,AML-34-001#2
212,AML-14-001#2
213,AML-16-001#2
214,AML-70-001#2
215,AML-53-001#2
216,AML-101-001#2
217,AML-28-001#2
218,AML-10-001#2
219,AML-90-001#2
220,AML-68-001#2
221,AML-23-001#2
222,AML-103-001#2
223,AML-29-001#2
224,AML-100-001#2
225,AML-36-001#2
226,AML-30-001#2
227,AML-50-001#2
228,AML-81-001#2
229,AML-33-001#2
230,AML-43-001#2
231,AML-98-001#2
232,AML-122-001#2
233,AML-108-001#2
234,AML-77-001#2
235,AML-93-001#2
236,AML-59-001#2
237,AML-55-001#2
238,AML-111-001#2
239,AML-112-001#2
240,AML-94-001#2
241,AML-35-001#2
242,AML-19-001#2
243,AML-110-001#2
244,AML-62-001#2
245,AML-82-001#2
